﻿{
  "type": "AdaptiveCard",
  "$schema": "http://adaptivecards.io/schemas/adaptive-card.json",
  "version": "1.2",
  "body": [
    {
      "type": "TextBlock",
      "text": "You've been assigned to an incident",
      "wrap": true,
      "size": "medium",
      "weight": "bolder"
    },
    {
      "type": "TextBlock",
      "text": "${IncidentName} - ${IncidentLocation}",
      "wrap": true,
      "isSubtle": true
    },
    {
      "type": "TextBlock",
      "text": "Assigned Role: ${RoleType}",
      "wrap": true
    },
    {
      "type": "TextBlock",
      "text": "[Open Incident Log](${IncidentLogUrl})"
    }
  ],
  "actions": [
    {
      "type": "Action.OpenUrl",
      "title": "Open chat thread",
      "url": "${ChatThreadUrl}"
    }
  ]
}